{
  "remaining_lease_months": {
    "mean": 897.4748737761165,
    "std": 163.37946878965838
  },
  "floor_area_sqm": {
    "mean": 97.67062191413987,
    "std": 24.079025926889955
  },
  "year": {
    "mean": 2019.6910095121202,
    "std": 1.701789266384557
  },
  "month_num": {
    "mean": 6.760997517364501,
    "std": 3.3772709501594314
  },
  "building_age": {
    "mean": 24.218827582359342,
    "std": 13.58309732186008
  }
}